ID,词根,来源
1,"DUC, DUCT[DU]","来自拉丁语的词根 duc, duct 意为 to lead。du 是它们的变形。同义词根有来自拉丁语的 men[mean] 和来自希腊语的 ago。此外，还有意为 to drive 的来自拉丁语的词根 ag / ig / act, flig, pel / puls [ peal ] 等。"
2,"HOM, HUM","来自拉丁语的 hom 意为 man，hum 意为 earth, ground。同义词根有来自希腊语的 anthrop 和来自盎格鲁-撒克逊语的 man。"
3,"TAIN, TEN[TIN]",来自拉丁语的 ten 意为 to hold。tain 是该词根从法语借用到英语后的形式，tin 是元音弱化后的形式。
4,NORM,"来自拉丁语的 norm 意为 standard, rule。"
5,UND,来自拉丁语的 und 意为 wave。
6,"DIC, DICT","来自拉丁语的词根 dic, dict 意为 to say, to declare, to allot（此含义比较少用）等。有时""c""（k）不发音。同义词根有来自拉丁语的 fa / fam / fess, locut / loqu, nounc / nunci, or, parl, 来自希腊语的 phras, pha / phe / phu 等。"
7,COND,"来自拉丁语的 cond 意为 to hide。同义词根有来自拉丁语的 cel [ ceal, cul ], cover / cur, tect / teg 和来自希腊语的 crypt。"
8,"VERT, VERS","来自拉丁语的 vert, vers 意为 to turn, 同义词根有 verg, rot 和来自希腊语的 stroph 等，以及来自盎格鲁-撒克逊语的 tour。"
9,HOR,"来自拉丁语的词根 hor 意为 to shudder, to bound, hour 等。"
10,"SOLV, SOLU","来自拉丁语的solv, solu意为to loosen, to free。同义词根有来自拉丁语的franc, liber / liver, lys / lyt等。"
11,TOM [TEM],"来自希腊语的 tom 意为 to cut。tom 里的元音字母 o 弱化成 e, 变成了 tem。同义词根有来自拉丁语的 cis, cop/coup, scind/scis, sect, sever, tail, tons, trench 等。"
12,"JECT, JAC[JET]","来自拉丁语的 ject, jac 意为 to throw, jet 是其变形。同义词根有 来自希腊语的 bol[bl, bal] 和来自拉丁语的 lanc/launc, sip 等。"
13,"LU, LAV, LAU","来自拉丁语的 lu, lav, lau 意为 to wash。"
14,ROG,来自拉丁语的 rog 意为 to ask。同义词根有来自拉丁语的 quir/quisit/quer/quest 等。
15,"TRUD, TRUS","来自拉丁语的 trud, trus意为 to thrust。"
16,"VOC, VOK [VOUC, VOW, VOIC]","来自拉丁语的 voc, vok 意为 to call。因与拉丁语中的 vox, vocis 相关,所以也有 voice 的意思。vouc, vow, voic 是其变形。"
17,ERR[ARR],"来自拉丁语的 err 意为 to wander, arr是它的变形。同义词根有来自拉丁语的 plan 和来自希腊语的 vag。"
18,ORI[ORT],"来自拉丁语的 ori 意为 to rise, to arise, 变形是 ort。"
19,"RAD, RAS [RAZ]","来自拉丁语的 rad, ras 意为 to rub, to scrape。其变形为 raz。"
20,"CLAIM, CLAM","来自拉丁语的 claim, clam意为 to cry, to shout。"
21,MOD,"来自拉丁语的 mod 意为 fit, manner, modern, measure, kind, way 等。"
22,QUI,"来自拉丁语的 qui 意为 quiet, to rest。"
23,"HER, HES","来自拉丁语的 her, hes 意为 to stick。同义词根有 clam, cleav, visc 等。"
24,FLU,"来自拉丁语的 flu 意为 to flow。同义词根有来自希腊语的rrh和来自拉丁语的lix, man等。"
25,"CEL, CELER","来自拉丁语的cel, celer意为swift。其反义词根为slo, tard,意为slow。"
26,"LEG, LECT [LIG, LEAG]","来自拉丁语的 leg, lect 有 law, to gather, to choose, to read, to send 等多种含义。其变形有 lig, leag 等。"
27,"PAR[PAIR, PER, PIR, PEER]","来自拉丁语的 par意为 to arrange, to appear, to produce, equal。其变形有pair, per, pir, peer等。"
28,"PEND, PENS [POND, PENC]","来自拉丁语的 pend, pens 意为 to hang, to weigh, to pay, to consider。其变形有 pond 和 penc。"
29,"SPECT, SPEC [SPIC, SPI, SPY]","来自拉丁语的 spect, spec意为 to look, to see,其变形为spic, spi,spy等。同义词根有来自拉丁语的vid/vis及变形 vic, view, voy, vey / vei, vy/vi, ud,来自拉丁语的the, tu,来自希腊语的orama, scop,以及来自盎格鲁-撒克逊语的see等。"
30,"SAL[ SUL, SIL, SAIL, SAUL]","来自拉丁语的 sal 意为 to leap, 其变形有 sul, sil, sail, saul 等。此外, sal 还有 salt 和 health 的意思。"
31,VENG,来自拉丁语的 veng 意为 to punish。同义词根为 pun/pen。
32,EQU[IQU],"来自拉丁语的 equ 意为 equal, same。其变形为iqu。同义词根有来自拉丁语的 sembl, simil / simul, par, ident 等和来自希腊语的 tauto。"
33,FLICT,"来自拉丁语的 flict 意为 to strike。同义词根有来自拉丁语的 bat, cuss, fend/fens [fenc, fest], lid/lis, plaud/plaus [plod, plos, plex] 和来自盎格鲁-撒克逊语的 sla 等。"
34,"LIG [LI, LEAG, LY]","来自拉丁语的 lig意为 to bind, to tie。变形有li, leag, ly等。同义词根有来自拉丁语的 cinct, nect/nex, strain/strict/string/stress等和来自盎格鲁-撒克逊语的bond。此外,意为to join的junct/join/jug也与此词根含义相似。"
35,VAL[VAIL],"来自拉丁语的 val 意为 worth, strong。变形为 vail。此外,来自拉丁语的 rob, fort/forc, firm, bil 等也有 strong 的意思。"
36,"COR, CORD [COUR]","来自拉丁语的 cor, cord 意为 heart。变形为 cour。同义词根为来自希腊语的 card。"
37,SERT,"来自拉丁语的 sert 意为 to put, to place。同义词根有来自拉丁语的 loc, pos / post / pon / pound, stal 等,还有来自希腊语的 thes / thet / them, top。"
38,"APT [EPT, ATT]",来自拉丁语的 apt意为fit。变形为ept 和 att。
39,LOT,"来自盎格鲁-撒克逊语的 lot 意为lot。同义词根有来自拉丁语的 sorc, sort 和来自希腊语的 cler。"
40,"NE[NA, NO, N]","来自拉丁语的 ne意为not,表示否定。其变形有na, no, n等。"
41,"PAC, PEAS","来自拉丁语的 pac, peas意为peace。反义词根有意为war 的来自拉丁语的 bell, mar和来自法语的 guerr。"
42,"CED, CESS [CEED, CEAS]","来自拉丁语的 ced, cess 意为 to go。其变形为 ceed, ceas。同义词根有来自拉丁语的grad/gress/gred, it, vad/vas,还有来自希腊语的bat [bet, bit]和来自盎格鲁-撒克逊语的fare。"
43,"PLIC, PLY, PLI, PLE, PLEX, PLO","来自拉丁语的 plic, ply, pli, ple, plex, plo 意为 to fold。意为 to fill, full 的词根 ple, plet, pli, ply, plen 等和这些词根形态相似,易于混淆,需要注意。"
44,JOURN,来自拉丁语的 journ 意为 day。同义词根为 hemer。
45,"VEN, VENT","来自拉丁语的 ven, vent意为to come。"
46,GRAV[GRIEV],来自拉丁语的 grav 意为 heavy。其变形为 griev。
47,"NEX, NECT","来自拉丁语的nex, nect意为 to bind。同义词根有来自拉丁语的cinct, lig, string/strict/strain/stress等和来自希腊语的bond,此外还有意为 to join的junct/jug/join,含义相似。"
48,NIHIL,来自拉丁语的 nihil 意为 nothing。
49,PORTION,来自拉丁语的 portion 意为share。
50,"PRECI [PRAIS, PRIS, PRIC, PRIZ]","来自拉丁语的 preci 意为 price。其变形为 prais, pris, pric, priz。"
51,SPIR,"来自拉丁语的 spir意为 to breathe。此外,它还有 a coil的意思。"
52,SIMIL[SIMUL],"来自拉丁语的 simil 意为 same, equal, 元音弱化后变成了 simul。同义词根有来自拉丁语的 equ, par, sembl, ident 等和来自希腊语的 tauto。"
53,CLIM,"来自拉丁语的 clim意为ladder, slope。"
54,"ALI, ALTER[ULTER, ALTRU]","来自拉丁语的ali, alter意为other。其变形有ulter, altru等。同义词根有来自希腊语的all。"
55,FIL,"来自拉丁语的 fil意为son, thread, foul。"
56,LEV[LIEV],"来自拉丁语的 lev意为 to raise, to lift, light, smooth 等。其变形为liev。"
57,"LUD, LUS","来自拉丁语的lud, lus 意为 to laugh, to play。"
58,PALL,来自拉丁语的 pall意为 pale。
59,"PREHEND, PREHENS [PREN, PREGN, PRIEV]","来自拉丁语的 prehend, prehens意为 to take, to seize。其变形有pren, pregn, priev等。同义词根有来自拉丁语的cap/capt/cept/ceiv [cip, cup, ceit], empt/em, rap/rav, sump/sumpt, lab/lep等。"
60,CERT,来自拉丁语的词根 cert 意为 sure。
61,"SENT, SENS","来自拉丁语的 sent, sens 意为 to feel。同义词根有来自希腊语的 path, (a)esthes/(a)esthet 和来自拉丁语的 pat/pass。"
62,"SED, SESS[SID]","来自拉丁语的词根 sed, sess 意为 to sit, 元音弱化后变成 sid。反义词根有来自拉丁语的 st, stat, stit, sist 等。"
63,BAS,"来自拉丁语的词根 bas 意为 lower, bottom。"
64,"CENT, CANT [CHANT, CHANS]","来自拉丁语的词根 cent, cant 意为 to sing, song, 元音弱化后变成 chant, chans。"
65,CRE[CRU],"来自拉丁语的 cre 具有 to grow, to increase 等含义。元音弱化后变成 cru。此外,意为 to separate, to observe 的cret/creet/cre/cern 和此词根形态相似,需加以注意。"
66,"FA, FAM, FESS","来自拉丁语的fa, fam, fess 意为 to say, to talk。同义词根有来自拉丁语的dic / dict, locut / loqu, nounc / nunci, parl和来自希腊语的phras, pha / phe / phu。"
67,GRAND,"来自拉丁语的 grand 意为 great, large。同义词根有来自希腊语的coloss, magn, maha, mega/megalo, metro和来自拉丁语的maj, max等。"
68,"PROB, PROV","来自拉丁语的 prob, prov 意为 to test, to try, to examine, good, proper。"
69,"SCRIB, SCRIPT","来自拉丁语的 scrib, script 意为 to write。同义词根有来自希腊语的 graph, gram。"
70,SPERS[SPARS],"来自拉丁语的词根 spers 意为 to sprinkle, to strew。 spars 是其变形。"
71,TRIBUT,"来自拉丁语的词根 tribut 意为 to give, to pay。"
72,VER,来自拉丁语的词根 ver 意为 true。此外 ver 还有 to feel awe 和 to fear 的意思。
73,"FAC, FACT, FEC, FECT, FIC, FICT [FEAS, FEIT, FEAT, FIT]","来自拉丁语的 fac, fact, fec / fect, fic / fict 意为 to make, to do。feas, feit, feat, fit 等是其变形。"
74,FRONT,"来自拉丁语的 front 意为 forehead, face。"
75,SEVER,"来自拉丁语的 sever 意为 serious, earnest, to cut。"
76,TENU,来自拉丁语的 tenu 意为 thin。同义词根为 mac。
77,COL[CUL],"来自拉丁语的 col 意为 neck。此外 col 还有 to filter, large intestine, to till, glue 等意思。cul 是其变形。"
78,COST,"来自拉丁语的 cost 意为 rib, side。"
79,JUD,来自拉丁语的 jud 意为 to judge。
80,"JUNCT, JOIN [JUG]","来自拉丁语的 junct, join 意为 to join, to bind。jug 是它们的变形。此外,还有意为 to bind, to tie 的来自拉丁语的 lig [li, leag, ly], cinct, nect/nex, strict/string/stress 和来自盎格鲁-撒克逊语的 bond,含义相似。"
81,UMBR,"来自拉丁语的 umbr 意为 shade, to shadow。"
82,FIN,"来自拉丁语的 fin 意为 end, limit。同义词根有来自拉丁语的 termin, ultim 和来自希腊语的 bys。"
83,"POS, POST, PON, POUND","来自拉丁语的 pos, post, pon, pound 意为 to put, to place。同义词根有来自拉丁语的loc, sert, stal 和来自希腊语的 thes / thet / them, top 等。"
84,"TRI, TRIT","来自拉丁语的 tri, trit 意为 to rub。同义词根为 fric。"
85,"DOT, DON [DOW, DOS], DAT [DIT]","来自拉丁语的 dot, don 意为 to give。dow, dos 是其变形。此外,与此相似的还有 dat 及其变形 dit。"
86,ONYM[ONOM],"来自希腊语的 onym 意为 name, word。onom 是其变形。"
87,BYS,"来自希腊语的 bys 意为 end, bottom。同义词根有来自拉丁语的 fin, termin, ultim等。"
88,ARCH,"来自希腊语的 arch 意为 government, to rule。arch 还有 chief, first, old 的含义。同义词根有来自希腊语的 cracy/crat 和来自拉丁语的 reg。"
89,"PATH, PAT, PASS","来自希腊语的 path 意为 to feel, to suffer。来自拉丁语的 pat, pass 与其形态相似,含义相同。同义词根有来自拉丁语的 sent / sens 和来自希腊语的 (a) esthes / (a) esthet。"
90,"MNE, MNES, MEM(OR)","来自希腊语的 mne, mnes 意为 to remember。此外,来自拉丁语的 mem (or) 也有相似的含义。"
91,MORPH,来自希腊语的 morph 意为 form。同义词根为 form。
92,TROPH,"来自拉丁语的 troph 意为to nourish。同义词根有来自拉丁语的 nutri, al。"
93,"GNO [GN, N]",来自拉丁语的 gno 意为 to know。其变形为 gn 和 n。同义词根有来自拉丁语的 not 和 sci。
94,"(A)ESTHET, (A)ESTHES","来自希腊语的 (a) esthet, (a) esthes意为 to feel。同义词根有来自拉丁语的 sent/sens, pat/pass和来自希腊语的path。"
95,MENT,来自拉丁语的 ment 意为 mind。
96,PACT,"来自拉丁语的 pact意为 to fasten, to agree。同义词根有来自拉丁语的fix。"
97,"PLE, PLET, PLI, PLY, PLEN","来自拉丁语的ple, plet, pli, ply, plen意为 to fill, full。此外,意为 to fold 的 plic, ply, pli, plex, plo等与这些词根形态相似,注意不要混淆。"
98,PRESS,来自拉丁语的 press 意为 to press。
99,"CEPT, CAP, CAPT, CEIV [CEIT, CIP, CUP]","来自拉丁语的 cept, cap, capt, ceiv 意为 to take, to seize。变形为 ceit, cip, cup。同义词根有来自拉丁语的 prehend / prehens, pris, empt / em, rap / rav, sum / sumpt, lab / lep 等。其中 cap [cip] 还有 head 的含义。"
100,FER,"来自拉丁语的 fer 意为 to carry, to bear。lat 是 ferre 的不规则过去分词, lat 和 fer 可以一起学习。同义词根有来自拉丁语的 ger/gest, port, veh/vect 和来自希腊语的 phor/pher。"
101,FISC,"来自拉丁语的 fisc 意为 chest, money basket。"
102,"SEQU, SECUT [SU]","来自拉丁语的 sequ, secut 意为 to follow。su 为其变形。"
103,SERV,"来自拉丁语的 serv 意为 to serve, to keep。"
104,"STRAIN, STRICT, STRING, STRESS [STRANG]","来自拉丁语的 strain, strict, string, stress 意为 to bind, to tie, to draw tight。strang 是它们的变形。同义词根有来自拉丁语的 lig [li, leag, ly], cinct, nect/next 等和来自盎格鲁-撒克逊语的 bond。此外，意为 to join 的 junct/join/jug 也与这些词根相似。"
105,TEMPOR,"来自拉丁语的 tempor 意为 time, age, season。同义词根有来自拉丁语的 ev 和来自希腊语的 chron。"
106,"CID, CAD, CAS","来自拉丁语的 cid, cad, cas 意为 to fall。同义词根有来自拉丁语的 laps 和来自希腊语的 pto。"
107,SOLID [SOLD],"来自拉丁语的 solid 意为 firm, whole。注意勿与意为 comfort, alone, sun, whole / entire 的 sol 相混淆。"
108,"VICT, VINC","来自拉丁语的 vict, vinc 意为 to conquer, to show。"
109,LABOR,来自拉丁语的 labor 意为 to work。同义词根有来自拉丁语的 op。
110,"MOT, MOV, MOB","来自拉丁语的 mot, mov, mob 意为 to move。同义词根有来自拉丁语的 migr 和来自希腊语的 kine / cinema。"
111,"GER, GEST [GIST]","来自拉丁语的 ger, gest 意为 to carry, to bear。其变形是 gist。同义词根有来自拉丁语的 fer, lat, port, veh/vect 和来自希腊语的 phor/pher。"
112,"VIA [VI], VEY, VOY","来自拉丁语的 via 意为 way, road。via 里的""a""脱落后变成 vi。词根 vey, voy 意为 to carry, way。需要注意的是，purvey / survey, clairvoyant / voyeur 等单词里的 vey/voy 意为 to look。同义词根有来自希腊语的 od/hod。"
113,BAT,"来自拉丁语的 bat 意为 to strike, to beat。同义词根有来自拉丁语的 flict, cuss, fend/fens [fenc, fest], lid/lis, plaud/plaus [plod, plos, plex] 等和来自盎格鲁-撒克逊语的 sla。此外，bat 还有 to go 的含义。"
114,"CIS [CAS, CHIS]","来自拉丁语的 cis 意为 to cut。其变形为 cas 和 chis。同义词根有来自拉丁语的 tom [tem], scind/scis, sect, sever, tail, tons, trench, cop/coup 等。"
115,GEN [GN],"来自希腊语的 gen 意为 birth, creation, race, kind。gn 是它的变形。"
116,SOL,"来自拉丁语的 sol 意为来自 alone / single, whole / entire, sun, comfort。此外，注意不要将其与意为 firm / whole 的来自拉丁语的 solid 相混淆。"
117,"TEND, TENS, TENT","来自拉丁语的 tend, tens, tent 意为 to stretch。"
118,"AG, ACT, IG","来自拉丁语的 ag, act, ig 意为 to drive, to do。当 ag 之前为元音时，ag 中的""a""脱落变成""g""。这几个词根用做 to drive 之意时，其同义词根有来自拉丁语的 flig, pel / puls [peal]。此外，来自拉丁语的词根 duct / duc [du], men [mean] 及来自希腊语的 agog 意为 to lead，含义相似。"
119,PRIS,"来自拉丁语的 pris 意为 to take, to seize。同义词根有来自拉丁语的 cap / capt / cept / ceiv [cip, cup, ceit], empt/em, rap/rav, sum/sumpt, lab/lep 等。"
120,"PUNCT, PUNG [PUNC, POUNC, POIGN, PON, POINT]","来自拉丁语的 punct, pung 意为 to prick。punc, pounc, poign, pon, point 等是它们的变形。同义词根有来自拉丁语的 stinct/sting/stig/sti。"
121,"CLUD, CLUS [CLOS, CLOIS, CLAUS, CLOT]","来自拉丁语的 clud, clus 意为 to shut。clos, clois, claus, clot 是它们的变形。"
122,DOL,来自拉丁语的 dol 意为 to grieve。同义词根为来自拉丁语的 mourn。
123,"FLAGR, FLAM","来自拉丁语的 flagr, flam 意为 to burn。同义词根有来自拉丁语的 arid, caust/caut, torr, 来自希腊语的 ether, 以及来自盎格鲁-撒克逊语的 burn/bran。"
124,"SECR, SACR, SANCT [SACER, SAINT]","来自拉丁语的 secr, sacr, sanct 意为 holy。sacer, saint 是它们的变形。同义词根有来自拉丁语的 pi 和来自希腊语的 hagi。"
125,"ROD, ROS","来自拉丁语的 rod, ros 意为 to gnaw。"
126,"ALESC [ESC, ALIT, OLESC]","来自拉丁语的 alesc 意为 becoming, growing, esc, alit, olesc是它的变形。"
127,LAT,"来自拉丁语的 lat 意为 to carry, to bear, 与 fer 来源相同。同义词根有来自拉丁语的 ger/gest, port, veh/vect 和来自希腊语的 phor/pher。"
128,MISER,"来自拉丁语的 miser 意为 to pity, wretched。"
129,"COC, COCT","来自拉丁语的 coc, coct 意为 to cook, to mature。"
130,STERN [STREN],"来自拉丁语的 stern 意为 rigid, 它的变形为 stren。stern 也有 chest, breast 的意思,但此种用法不多见。"
131,"TANG, TACT, TING[TIG, TAG]","来自拉丁语的 tang, tact, ting 以及它们的变形 tig, tag 意为 to touch。同义词根有来自拉丁语的 palp 和 tegr。"
132,ROB,"来自拉丁语的 rob 意为 strong, strength。同义词根有来自拉丁语的 fort/forc, firm, bil 等,以及来自拉丁语的意为strong, worth 的val。"
133,PLAC [PLAIS],"来自拉丁语的 plac 意为 to please, to soothe, peace,它的变形为 plais。"
134,"DIGN [DAIN, DEIGN]","来自拉丁语的 dign 意为 worthy,它的变形为 dain, deign。"
135,SIGN,"来自拉丁语的 sign 意为 mark, sign。同义词根有来自拉丁语的 marc/mark, 来自希腊语的 sem, 以及来自盎格鲁-撒克逊语的 beck/beac。"
136,SUMM,"来自拉丁语的 summ 意为 highest, total, sum。"
137,"VIV, VIT","来自拉丁语的 viv, vit 意为 to live, life。同义词根有来自拉丁语的 vig/veg, anim 以及来自希腊语的 bio。"
138,MENS,"来自拉丁语的 mens 意为 to measure。同义词根有来自拉丁语的 meter, metr。"
139,TUM,"来自拉丁语的 tum 意为 to swell。同义词根有来自希腊语的 bry 和来自盎格鲁-撒克逊语的 bel, bla。"
140,"VOLV, VOLU","来自拉丁语的 volv, volu 意为 to roll, to turn。"
141,PICT[PIG],"来自拉丁语的 pict 意为 to paint, 它的变形为 pig。"
142,TERR,"来自拉丁语的 terr 意为 to frighten, earth。"
143,"TRA, TRACT [TREAT]","来自拉丁语的 tra, tract 意为 to draw, 变形为 treat。"
144,VAC[VAS],"来自拉丁语的 vac 意为 empty,它的变形为 vas。同义词根有来自拉丁语的 van, void 以及来自盎格鲁-撒克逊语的 wan。"
145,"SPOND, SPONS [SPOUS]","来自拉丁语的 spond, spons 意为 to promise, to answer, 它的变形为 spous。"
146,TEST,来自拉丁语的 test 意为 witness。
147,"GRAD, GRESS [GRED]","来自拉丁语的 grad, gress 意为 to go, 它们的变形为 gred。同义词根有来自拉丁语的 ced/cess [ceed, ceas], it, vad / vas 和来自希腊语的 bat [bet, bit] 以及来自盎格鲁-撒克逊语的 fare。"
148,PLOR,来自拉丁语的 plor 意为 to weep。
149,"VID, VIS [VIC, VIEW, VOY, VEY, VEI, VY, VI, UD]","来自拉丁语的 vid, vis 意为 to look, to see,它们的变形为 vic, view, voy, vey/vei, vy/vi, ud等。同义词根有来自拉丁语的 spect/spec[spic, spi, spy], the, tu 和来自希腊语的 orama, scop 以及来自盎格鲁-撒克逊语的see等。此外,还有来自拉丁语的意为 eye 的 ocul,来自希腊语的op(t), ophthalm等,含义相似。"
150,VOID,"来自拉丁语的 void 意为 empty。同义词根有来自拉丁语的 vac, van 以及来自盎格鲁-撒克逊语的 wan 等。"
151,CREP,来自拉丁语的 crep 意为 to rattle。
152,"MOL, MOLL","来自拉丁语的 mol 意为 to grind, grain, burden, heap, moll 意为 soft。"
153,"RID, RIS","来自拉丁语的 rid, ris 意为 to laugh。"
154,"ST, STAT, STIT, SIST","来自拉丁语的 st, stat, stit, sist 意为 to stand。反义词根有来自拉丁语的 sed, sid, sess 等。"
155,FAC,"来自拉丁语的 fac 意为 face。注意不要将其与意为 to do, to make 的 fac 相混淆。"
156,MEN [MEAN],"来自拉丁语的 men 意为 to lead,它的变形为mean。同义词根有来自拉丁语的duct/duc [du] 以及来自希腊语的agog。此外,意为 to drive 的来自拉丁语的ag/ig/act以及pel/ puls [peal]等也具有近似的含义。"
157,"LEC [LET, LIC, LIG]","来自拉丁语的 lec 意为 to entice, 它的变形为 let, lic, lig 等。"
158,"LIN, LIGN","来自拉丁语的 lin, lign 意为 line。"
159,"LINQU [LIC, LICT]","来自拉丁语的 linqu 意为 to leave, 它的变形为 lic, lict。同义词根有来自拉丁语的lip。"
160,PREC,来自拉丁语的 prec 意为 to pray。
161,PRED,来自拉丁语的 pred 意为 to plunder。
162,"CRED[CREED, CRE]","来自拉丁语的 cred 意为 to believe, to trust,它的变形为 creed 和 cre。同义词根有来自拉丁语的 fid [fi, fy, feder, feal]以及来自盎格鲁-撒克逊语的tru[tro]等。"
163,"CRET, CERN [CREET, CRE]","来自拉丁语的 cret, cern 意为 to observe, to separate, 变形为 creet, cre。此外,意为 to grow, to increase 的 cre, cru与这两词根的形态相似,注意不要混淆。"
164,"EST, ESS, ENT","来自拉丁语的 est, ess, ent 意为 to be。"
165,SECT,"来自拉丁语的 sect 意为 to cut。同义词根有来自希腊语的 tom/tem, 来自拉丁语的 cis, cop/coup, scind/scis, sever, tons, trench, 以及来自盎格鲁-撒克逊语的 tail。"
166,LAPID,"来自拉丁语的 lapid 意为 stone。同义词根有来自希腊语的 lith, petr。"
167,MIN[MEN],"来自拉丁语的 min 意为 to project, to hang, 它的变形为 men。此外,来自拉丁语 minutus 的 min 也有 small 之意,注意不要混淆。"
168,"PEL, PULS [PEAL]","来自拉丁语的 pel, puls 意为 to drive, 它们的变形为 peal。同义词根有来自拉丁语的 ig/ag/act 和 flig。此外, 来自拉丁语的意为 to lead 的 duc/duct[du], men[mean]以及来自希腊语的agog也有近似的含义。"
169,"SUAD, SUAS [SUAV]","来自拉丁语的 suad, suas 意为 to persuade, to advise, 它的变形为 suav。"
170,ARM,来自拉丁语的 arm 意为 weapon。
171,VERG,"来自拉丁语的 verg 意为 to turn, to bend。同义词根有来自拉丁语的vert/vers, rot 和来自希腊语的stroph,以及来自盎格鲁-撒克逊语的 tour等。"
172,VULG[MULG],"来自拉丁语的 vulg 意为 people,它的变形为 mulg。同义词根有来自拉丁语的 popul[publ], pleb 和来自希腊语的 demo,以及来自盎格鲁-撒克逊语的la等。此外,意为man(人类、人)的anthrop/man,意为hom,man(男人)的andr/ mascul/vir,以及意为woman(女人)的femin/gyn/virg等词根也与其意思相近。"
173,"FID [FI, FY, FEDER, FEAL]","来自拉丁语的 fid 意为 to trust,它的变形为fi, fy, feder, feal 等。同义词根有来自拉丁语的cred 和来自盎格鲁-撒克逊语的 tru[tro]。"
174,CLIN[CLI],"来自拉丁语的 clin 意为 to bend,它的变形为cli。同义词根有来自拉丁语的 cliv, flect/flex, cumb/cub和来自盎格鲁-撒克逊语的 croach[croch, crouch, crotch, crutch, crook]。"
175,PUT,来自拉丁语的 put 意为 to think。
176,"UT, US","来自拉丁语的 ut, us 意为 to use。"
177,"CUR, CURS [COR, COUR, COURS, COARS]","来自拉丁语的 cur, curs 意为 to run,它们的变形为 cor, cour, cours, coars。同义词根有来自拉丁语的 lop, 来自希腊语的 drom, 以及来自盎格鲁-撒克逊语的 run。此外,还有意为 vehicle 的 car/char 等。"
178,SEMIN [SEMEN],"来自拉丁语的 semin 意为 seed, 它的变形为 semen。同义词根有来自希腊语的 spor。"
179,TORT [TOR],"来自拉丁语的 tort 意为 to twist, 它的变形为 tor。"
180,SEMBL,"来自拉丁语的 sembl 意为 same, equal。同义词根有来自拉丁语的 equ, simil/simul, par, ident以及来自希腊语的tauto。"
181,"QUISIT, QUEST, QUIR, QUER[QUIST]","来自拉丁语的 quisit, quest, quir, quer 意为 to ask, to seek, 变形为 quist。同义词根为来自拉丁语的rog。"
182,"POT [POW, POSS]","来自拉丁语的 pot 意为 powerful, capable of, 它的变形有 pow, poss 等。"
183,PASS,"来自拉丁语的 pass 意为 to stride, to step。此外, pass 也有 to feel 的意思, 注意区分。"
184,"BOL, BL, BAL","来自拉丁语的 bol, bl, bal 意为 to throw。同义词根有来自拉丁语的 ject [jec, jac], lanc [launc], sip等。"
185,BAR,来自拉丁语的 bar 意为 bar。
186,BODY,"来自盎格鲁-撒克逊语的body意为body。同义词根有来自拉丁语的 corp 和来自希腊语的som, somat。词根 buddy 是它的变形。"
187,"CROCH [CROACH, CROUCH, CROTCH, CRUTCH, CROOK]","来自盎格鲁-撒克逊语的 croch 意为 hook, to bend。其变形为 croach, crouch, crotch, crutch, crook。同义词根有来自拉丁语的 clin/cli, cliv, flect/flex, cumb/cub 等。"
188,GROSS [GROC],"来自盎格鲁-撒克逊语的gross 意为 large, thick,它的变形为groc。"
189,"AM[EM, IM, M]","来自拉丁语的 am 意为 to love, friendly,它的变形为 em, im, m等。同义词根有来自希腊语的 phil 和 ero。"
190,TAIL,"来自盎格鲁-撒克逊语的 tail 意为 to cut。同义词根有来自希腊语的 tom[tem] 和来自拉丁语的 cis, cop/coup, scind / scis, sect, sever, tons, trench 等。"
191,LIGHT,"来自盎格鲁-撒克逊语的light意为light。同义词根有来自拉丁语的lumin [lun], luc/lux/lust和来自希腊语的 photo。"
192,"CUMB, CUB","来自拉丁语的 cumb, cub 意为 to lean, to lie。同义词根有来自盎格鲁-撒克逊语的 croch[croach, crouch, crotch, crutch, crook] 和来自拉丁语的 clin/cli, cliv, flect/flex 等。"
193,BELL,"来自拉丁语的 bell 意为 beautiful, war, 在盎格鲁-撒克逊语里意为 bag, to swell。当 bell 用做 beautiful 这一含义时,其同义词根有来自拉丁语的 pulchr 和来自希腊语的 calli, cosmet。"
194,COM,"来自拉丁语的 com 意为 revel, hair, sleep。"
195,"PER[PIR, PAR]","来自拉丁语的 per 意为 to try out, to risk,它的变形为pir 和 par。"
196,CLAV,来自拉丁语的 clav 意为 key。
197,NUMER,"来自拉丁语的 numer 意为 number, to count。同义词根有 arithm。"
198,ALT [HAUT],"来自拉丁语的 alt 意为 high,它的变形有来自法语的 haut。同义词根有来自希腊语的 acro。"
199,"STINCT, STING, STIG, STI","来自拉丁语的 stinct, sting, stig, sti 意为 to prick, to bind。同义词根有来自拉丁语的 pung/punct。"
200,LONG,来自拉丁语的 long 意为 long。
201,RADIC[RADIS],"来自拉丁语的 radic 意为 root, 它的变形为 radis。"
202,LIP,来自拉丁语的 lip 意为 to leave。同义词根有来自拉丁语的 linqu/lic/lict。
203,MANU [MAN],"来自拉丁语的 manu 意为 hand,它的变形为 man。同义词根有来自希腊语的 chiro。"
204,HOD[OD],"来自拉丁语的 hod 意为 way, road,其变形为 od。"
205,ORB,"来自拉丁语的 orb 意为 circle, track。"
206,TERMIN,"来自拉丁语的 termin 意为 end, limit, boundary。同义词根有来自拉丁语的 fin, ultim 和来自希腊语的 bys。"
207,"LUC[LUX, LUS]","来自拉丁语的 luc 意为 light, 它的变形为 lux, lus。同义词根有来自拉丁语的 lumin [lun] 和来自希腊语的 photo 以及来自盎格鲁-撒克逊语的 light。"
208,"EMPT, EM[EEM, MPT, M, ANSOM]","来自拉丁语的 empt, em 意为 to take,变形为 eem, mpt, m, ansom。同义词根有来自拉丁语的 prehend/prehens, pris, cap/capt/cept/ceiv [cip, cup, ceit], rap/rav, sum/sumpt, lab /lep 等。"
209,TOL,"来自拉丁语的 tol 意为 to raise, to support。"
210,GREG,"来自拉丁语的 greg 意为 flock, mob。"
211,LIC,"来自拉丁语的 lic 意为 to entice, to permit。"
212,RUD,来自拉丁语的 rud 意为 crude。
213,VAN [VAIN],"来自拉丁语的 van 意为 empty,它的变形为 vain。同义词根有来自拉丁语的 vac, void 和来自盎格鲁-撒克逊语的 wan。"
214,HILAR,来自希腊语的 hilar 意为 merry。
215,HORT,来自拉丁语的 hort 意为 to urge。
216,PI,"来自拉丁语的 pi 意为 holy。同义词根有来自拉丁语的secr, sanct 和来自希腊语的 hagi, hier。"
217,PURG,来自拉丁语的 purg 意为 clean。同义词根有来自拉丁语的 pur。
218,TRIC [TRIG],"来自拉丁语的 tric 意为 petty obstacle,它的变形为 trig。"
219,BULL,"来自拉丁语的 bull 意为 to boil, seal。同义词根有来自拉丁语的 ferv。"
220,FIG,来自拉丁语的 fig 意为 to form。
221,"MAN [MN, MAIN]","来自拉丁语的 man 意为 to flow, to stay, 它的变形为 mn, main。当意为 to flow 时, 同义词根有来自拉丁语的 flu, lix 和来自希腊语的 rrh。"
222,MEND,"来自拉丁语的 mend 意为 fault。此外,还有意为 to order 的mand, mend,请勿混淆。"
223,NERV,来自拉丁语的 nerv 意为 nerve。同义词根有来自希腊语的 neur。
224,FET,来自拉丁语的 fet 意为 productive。
225,"MERS, MERG","来自拉丁语的 merg, mers 意为 to dip, to plunge。"
226,CALCUL,来自拉丁语的 calcul 意为 to reckon。同义词根有来自拉丁语的 rat。
227,GRAN [GRAIN],"来自拉丁语的 gran 意为 seed,它的变形为 grain。"
228,IT[1],"来自拉丁语的 it 意为 to go,它的变形为等。同义词根有来自拉丁语的 ced/cess [ceed, ceas], grad/gress [gred], vad/vas 和来自希腊语的 bat[bet, bit]以及来自盎格鲁-撒克逊语的 fare等。"
229,NOV,来自拉丁语的 nov 意为 new。
230,TIM[TEM],"来自拉丁语的 tim 意为 to fear,元音弱化后变成tem。同义词根有来自拉丁语的 trem/trep和来自希腊语的 phob。"
231,PART,来自拉丁语的 part 意为 part。
232,FLAT,来自拉丁语的 flat 意为 to blow。
233,"ORD, ORDIN [ORDAIN]","来自拉丁语的ord, ordin 意为 to order, 变形为 ordain。"
234,PED,"来自拉丁语的ped意为foot,来自希腊语的ped意为child。当意为foot时,其变形为pod, pus, peach, patch, fet。"
235,"PUN, PEN [POEN]","来自拉丁语的 pun, pen 意为 to punish, pen 变形为 poen。同义词根为来自拉丁语的 veng。"
236,CRIMIN,"来自拉丁语的 crimin 意为 crime, guilty, to separate。"
237,STILL,来自拉丁语的 still 意为 to drop。
238,"MORT, MORS, MOR","来自拉丁语的 mort, mors, mor 意为 death。同义词根有来自希腊语的 leth, necr, thanat/than 等。"
239,POVER[PAUPER],"来自拉丁语的 pover 意为 poor,它的变形为 pauper。"
240,CINER,来自拉丁语的 ciner 意为 ashes。
241,CIT,"来自拉丁语的 cit 意为 to call, to arouse。"
242,SINU,"来自拉丁语的 sinu 意为 curve, hollow。"
243,"TREP, TREM","来自拉丁语的 trep, trem 意为 to fear。同义词根有来自拉丁语的 tim 和来自希腊语的 phob。"
244,VAR,来自拉丁语的 var 意为 change。
245,VER,"来自拉丁语的 ver 意为 to feel awe, to fear。此外, ver 还有 true 的意思,注意不要混淆。"
246,BIB[BEV],"来自拉丁语的 bib 意为 to drink, 它的变形为 bev。"
247,"PET[PIT, PEAT]","来自拉丁语的 pet 意为 to rush, to seek, to strive。pit 和 peat 是其变形。"
248,"DAMN[DEMN, DAM]","来自拉丁语的 damn 意为 curse, harm, 其元音弱化后变成 demn, 它的变形为 dam。"
249,FALL,来自拉丁语的 fall 意为 to err。
250,"NOC[NOX, NIC, NEC]","来自拉丁语的 noc 意为 to harm, 它的变形有 nox, nic, nec 等。"
251,PORT,"来自拉丁语的 port 意为 to carry。同义词根有来自拉丁语的 fer, lat, ger/gest, veh/vect 和来自希腊语的 phor/pher。"
252,TEGR,"来自拉丁语的 tegr 意为 to touch。同义词根有来自拉丁语的 palp 和 tang/tact/ting[tig, tag]。"
253,VET,"来自拉丁语的 vet 意为 old。同义词根有来自拉丁语的 sen, presby 和来自希腊语的 geronto。"
254,VULN[VULT],"来自拉丁语的 vuln 意为 wound, 它的变形为 vult。"
255,MUT,来自拉丁语的 mut 意为 to change。
256,PUGN,来自拉丁语的 pugn 意为 to fight。同义词根有来自拉丁语的 milit。
257,ANIM,"来自拉丁语的 anim 意为 life, mind, breath。同义词根有来自拉丁语的 viv, vit, vig/veg 和来自希腊语的 bio 等。"
258,AVI[AU],"来自拉丁语的 avi 意为 bird, 它的变形为 au。"
259,CALC[CULC],"来自拉丁语的 calc 意为 to tread, 它的变形为 culc。"
260,FIRM,"来自拉丁语的 firm 意为 strong。同义词根有来自拉丁语的 bil, fort/forc, rob, val/vail 等。"
261,SCRUT,来自拉丁语的 scrut 意为 to examine。
262,"SURG, SURRECT","来自拉丁语的 surg, surrect 意为 to rise。"
263,TEMPER,"来自拉丁语的 temper 意为 moderate, to stretch。"
264,"VEH, VECT[VEIGH, VEX]","来自拉丁语的 veh, vect 意为 to carry, 它们的变形为 veigh, vex。同义词根有来自拉丁语的 fer, lat, ger/gest, port 和来自希腊语的 phor/pher。"
265,PECU,来自拉丁语的 pecu 意为 money。同义词根有来自拉丁语的 lucr。
266,TURB,来自拉丁语的 turb 意为 to agitate。
267,OR,"来自拉丁语的 or 意为 to say。同义词根有来自拉丁语的 dic/dict, fa/fam/fess, locut/loqu, nounc/nunci, parl 和来自希腊语的 phras, pha/phe/phu。"
268,"NAT, NASC[NAISS, NAIV]","来自拉丁语的 nat, nasc 意为 to be born, 变形为 naiss, naiv。"
269,MACUL,"来自拉丁语的 macul 意为 stain, spot。"
270,MUR,来自拉丁语的 mur 意为 wall。
271,LUCT,来自拉丁语的 luct 意为 to struggle。
272,RUPT,来自拉丁语的 rupt 意为 to break。同义词根有来自拉丁语的 fract/frag[fring]。
273,MEDI,来自拉丁语的 medi 意为 middle。
274,NUTRI,来自拉丁语的 nutri 意为 to nourish。同义词根有来自拉丁语的 al 和来自希腊语的 troph。
275,VOL,"来自拉丁语的 vol 意为 will, to fly。"
276,"RECT, RIG","来自拉丁语的 rect, rig 意为 straight, right。"
277,LITER,来自拉丁语的 liter 意为 letter。
278,ED[ES],"来自拉丁语的 ed 意为 to eat, 变形为 es。同义词根有来自拉丁语的 vor 和来自希腊语的 phag。"
279,DUR,来自拉丁语的 dur 意为 to last。
280,"CEL[CUL, CEAL]","来自拉丁语的 cel 意为 to hide, 变形为 cul, ceal。同义词根有来自拉丁语的 cond, cover/cur, tect/teg 和来自希腊语的 crypto。"
281,SCEN,来自拉丁语的 scen 意为 to set。
282,"LOQU, LOCUT","来自拉丁语的 loqu, locut 意为 to say, to speak。同义词根有来自拉丁语的 dic/dict, fa/fam/fess, nounc/nunci, or, parl 和来自希腊语的 phras, pha/phe/phu 等。"
283,OD,来自希腊语的 od 意为 song。
284,DOX,来自希腊语的 dox 意为 opinion。
285,GON,"来自希腊语的 gon 意为 to compare, to test, angle。"
286,SIT,"来自希腊语的 sit 意为 food, grain, to sit。"
287,ALL,"来自希腊语的 all 意为 other。同义词根有来自拉丁语的 alter[ulter], ali。"
288,"PHRAS, PHA, PHE, PHU","来自希腊语的 phras 意为 to say, to speak, 具有相同含义的还有 pha, phe, phu。同义词根有来自拉丁语的 dic/dict, fa/fam/fess, locut/loqu, nounc/nunci, or, parl 等。"
289,OXY[OX],"来自希腊语的 oxy 意为 sharp, acid。在元音前, oxy 中的 y 脱落, 变成 OX。"
290,METER[METR],"来自希腊语的 meter 意为 measure, metr 为其变形。同义词根有来自拉丁语的 mens。"
291,JUR,"来自拉丁语的 jur 意为 to swear, law。"
292,"VAD, VAS[WAD]","来自拉丁语的 vad, vas 意为 to go, 它们的变形为 wad。同义词根有来自拉丁语的 ced/cess[ceed, ceas], grad/gress, 来自希腊语的 bat[bet, bit] 和来自盎格鲁-撒克逊语的 fare。"
293,ANN[ENN],"来自拉丁语的 ann 意为 year, 其元音弱化后变成 enn。"
294,FUNCT,来自拉丁语的 funct 意为 to perform。
295,MEA[ME],"来自拉丁语的 mea 意为 to pass, 其变形为 me。"
296,CAU,来自拉丁语的 cau 意为 to take care。
297,MAT,来自拉丁语的 mat 意为 ripe。
298,"SUMPT, SUM","来自拉丁语的 sum, sumpt 意为 to take, to use, to waste。同义词根有来自拉丁语的 prehend/prehens, pris, cap/capt/cept/ceiv[cip, cup, ceit], empt/em, rap/rav, lab/lep 等。"
299,DOMIN,"来自拉丁语的 domin 意为 master, lord。"
300,POSTER,来自拉丁语的 poster 意为 coming after。
301,AMBUL[AMBL],"来自拉丁语的 ambul 意为 to walk, 变形为 ambl。同义词根有来自拉丁语的 pat。"
302,MED,"来自拉丁语的 med 意为 to heal, to attend to。"
303,TEXT,来自拉丁语的 text 意为 to weave。
304,MON[MIN],"来自拉丁语的 mon 意为 to warn, to advise, to remind, 变形为 min。"
305,SAG,来自拉丁语的 sag 意为 to perceive。
306,CUR,来自拉丁语的 cur 意为 to take care。
307,SCI,"来自拉丁语的 sci 意为 to know。同义词根有来自拉丁语的 gno, not。"
308,"MONT, MOUNT","来自拉丁语的 mont, mount 意为 hill, to rise。"
309,"FUS, FUT, FUND, FOUND","来自拉丁语的 fus, fut, fund, found 意为 to pour。同义词根有来自希腊语的 chem。"
310,AL,来自拉丁语的 al 意为 to nourish。同义词根有来自拉丁语的 nutri 和来自希腊语的 troph。
311,CLIV,"来自拉丁语的 cliv 意为 to bend。同义词根有来自拉丁语的 clin/cli, flect/flex, cumb/cub 和来自盎格鲁-撒克逊语的 croach[croch, crouch, crotch, crutch, crook] 等。"
312,"TEG, TECT","来自拉丁语的 teg, tect 意为 to hide, to cover。同义词根有来自拉丁语的 cond, cel[ceal, cul], cover/cur 等和来自希腊语的 crypt。"
313,BURS,"来自拉丁语的 burs 意为 bag, sack, purse。"
314,"FORT, FORC","来自拉丁语的 fort, forc 意为 strong。同义词根有来自拉丁语的 bil, firm, rob, val/vail 等。"
315,TARD,来自拉丁语的 tard 意为 slow。同义词根有来自盎格鲁-撒克逊语的 slo。反义词根有来自拉丁语的 cel。
316,HAB[HIB],"来自拉丁语的 hab 意为 to live, to have, to hold, 它的元音弱化形为 hib。"
317,JUVEN,来自拉丁语的 juven 意为 young。
318,LEN,来自拉丁语的 len 意为 soft。
319,VIL,来自拉丁语的 vil 意为 cheap。
320,NEG,来自拉丁语的 neg 意为 to deny。
321,"NOUNC, NUNCI","来自拉丁语的 nounc, nunci 意为 to say, to report。同义词根有来自拉丁语的 dic/dict, fa/fam/fess, locut/loqu, or, parl 等和来自希腊语的 phras, pha/phe/phu。"
322,"SCIND, SCIS","来自拉丁语的 scind, scis 意为 to cut。同义词根有来自拉丁语的 cis, cop/coup, sect, sever, tail, tons, trench 和来自希腊语的 tom[tem]。"
323,TAC[TIC],"来自拉丁语的 tac 意为 silent, 其元音弱化后变成 tic。"
324,DUB[DOUB],"来自拉丁语的 dub 意为 uncertain, 其变形为 doub。"
325,MONSTR,来自拉丁语的 monstr 意为 to show。同义词根有来自希腊语的 phan/phen。
326,PUD,来自拉丁语的 pud 意为 ashamed。
327,TRENCH,"来自拉丁语的 trench 意为 to cut。同义词根有来自盎格鲁-撒克逊语的 tail, 来自拉丁语的 cis, cop/coup, scind/scis, sect, sever, tons 和来自希腊语的 tom[tem]。"
328,"OL, OD","来自拉丁语的 ol, od 意为 smell。"
329,FULG,来自拉丁语的 fulg 意为 to shine。同义词根有来自拉丁语的 splend。
330,SPLEND,来自拉丁语的 splend 意为 to shine。同义词根为来自拉丁语的 fulg。
331,"FRACT, FRAG[FRA, FRING]","来自拉丁语的 fract, frag 意为 to break, 变形为 fra, fring。同义词根有来自拉丁语的 rupt。"
332,PLANT,来自拉丁语的 plant 意为 to plant。
333,CINCT,"来自拉丁语的 cinct 意为 to bind, to gird。同义词根有来自拉丁语的 lig[li, leag, ly], nect/nex, strain/strict/string/stress 等,以及来自盎格鲁-撒克逊语的 bond。另外,意为 to join 的 junct/join/jug 也与此类似。"
334,"RAP, RAV[REP]","来自拉丁语的 rap, rav 意为 to take, to snatch。rap 中的元音弱化后变成 rep。同义词根有来自拉丁语的 prehend/prehens, pris, cap/capt/cept/ceiv[cip, cup, ceit], empt/em, sump/sumpt, lab/lep 等。"
335,PLU,来自拉丁语的 plu 意为 more。
336,CILI,来自拉丁语的 cili 意为 eyelid。
337,"MIT, MISS[MIS, MESS]","来自拉丁语的 mit, miss 意为 to send, 变形为 mis 和 mess。同义词根有来自拉丁语的 leg 和来自希腊语的 stle。"
338,"SCEND[SCENT, SCENS, SCAN]","来自拉丁语的 scend 意为 to climb, 变形有 scent, scens, scan 等。另外,来自拉丁语的 scal 有 ladder 的意思,含义相似。"
339,VEST,来自拉丁语的 vest 意为 to dress。
340,HER,"来自拉丁语的 her 意为 heir, 注意不要和意为 to stick 的 her/hes 相混淆。"
341,FORM,来自拉丁语的 form 意为 form。同义词根有来自希腊语的 morph。
342,BOND,"来自拉丁语的 bond 意为 to bind。同义词根有来自拉丁语的 cinct, lig[li, leag, ly], nect/nex, strain/strict/string/stress 等。另外,注意不要和意为 to join 的 junct/join/jug 相混淆。"
343,SALV[SAV],"来自拉丁语的 salv 意为 safe, sav 是它的变形。"
344,CARN,来自拉丁语的 carn 意为 flesh。
345,PIL,来自拉丁语的 pil 意为 hair。
346,VERB,来自拉丁语的 verb 意为 word。同义词根有来自希腊语的 lex。
347,MIR,来自拉丁语的 mir 意为 to wonder。
348,EV,"来自拉丁语的 ev 意为 time, age。同义词根有来自拉丁语的 tempor 和来自希腊语的 chron。"
349,"PROX, PROP","来自拉丁语的 prox 意为 near, prop 也属于此系统。"
350,BREV,来自拉丁语的 brev 意为 short。
351,"AC, ACR","来自拉丁语的 ac, acr 意为 sharp。"
352,LETH,"来自希腊语的 leth 意为 death。同义词根有来自拉丁语的 mort/mors/mor 和来自希腊语的 necr, thanat/than。"
353,PROPR,来自拉丁语的 propr 意为 one's own。
354,HIER,"来自希腊语的 hier 意为 holy。同义词根有来自拉丁语的 secr/sacr/sanct, pi 和来自希腊语的 hagi。"
355,LOG,来自希腊语的 log 意为 speech。
356,"AUD[ED, EIS]","来自拉丁语的 aud 意为 to hear, 其变形为 ed, eis。同义词根为来自希腊语的 acou。"
357,"LET, LIV","来自拉丁语的 let, liv 意为 lime。"
358,CUSS,"来自拉丁语的 cuss 意为 to strike, to shake。同义词根有来自拉丁语的 bat, flict, fend/fens, lid/lis, plaud/plaus[plod, plos, plex] 和来自盎格鲁-撒克逊语的 sla。"
359,DOC,来自拉丁语的 doc 意为 to teach。
360,IMIT,来自拉丁语的 imit 意为 to mimic。
361,"PLAUD, PLAUS[PLOD, PLOS, PLEX]","来自拉丁语的 plaud, plaus 意为 to strike, plod, plos, plex 是它们的变形。同义词根有来自拉丁语的 bat, flict, cuss, fend/fens[fenc, fest], lid/lis 等和来自盎格鲁-撒克逊语的 sla。"
362,DOMIT,来自拉丁语的 domit 意为 to tame。
363,CENS,来自拉丁语的 cens 意为 to assess。
364,CULP,"来自拉丁语的 culp 意为 fault, to blame。"
365,PALP,来自拉丁语的 palp 意为 to touch。同义词根有来自拉丁语的 tig/tag/tang/tact 和 tegr。
366,PECC,来自拉丁语的 pecc 意为 sin。
367,CEL,"来自拉丁语的 cel 意为 sky, heaven。同义词根有来自希腊语的 uran。"
368,GLOB,来自拉丁语的 glob 意为 sphere。
369,MAR,"来自拉丁语的 mar 意为 war, 也有 sea 的意思。"
370,"OP, OPT, OPHTHALM","来自希腊语的 op, opt 意为 eye, 同义词根有来自拉丁语的 ocul。ophthalm 也与此相关。"
371,MATR[MATER],"来自拉丁语的 matr 意为 mother, 变形为 mater。"
372,PATR[PATER],"来自拉丁语的 patr 意为 father, country, 变形为 pater。"
373,REG[REIG],"来自拉丁语的 reg 意为 to rule, reig 是它的变形。同义词根有来自希腊语的 arch, cracy/crat。"
374,RUS[RUR],"来自拉丁语的 rus 意为 country, rur 是它的变形。"
375,CRUC[CRUIS],"来自拉丁语的 cruc 意为 cross, cruis 是它的变形。"
376,COLOSS[COLIS],"来自希腊语的 coloss 意为 great, 变形为 colis。同义词根有来自拉丁语的 grand, maj, max 和来自希腊语的 magn, maha, mega/megalo, metro 等。"
377,HEMER,来自希腊语的 hemer 意为 day。同义词根有来自拉丁语的 journ。
378,"NOCT, NOX","来自拉丁语的 noct, nox 意为 night。"
379,"NOMIN, NOMEN","来自拉丁语的 nomin, nomen 意为 name。注意希腊语的 nom 意为 law, order, rule, 形态相似但含义不同。"
380,BAN,"来自拉丁语的 ban 意为 prohibition, control。"
381,"PRIM[PREM, PRIN, PRI]","来自拉丁语的 prim 意为 first, 变形有 prem, prin, pri 等。"
382,DIG,"来自拉丁语的 dig 意为 to need, to lack。"
383,RAD,"来自拉丁语的 rad 意为 ray。注意与意为 to rub, to scrape 的 rad/ras[raz] 和意为 root 的 radic[radis] 相区别。"
384,VIG[VEG],"来自拉丁语的 vig 意为 to live, lively, 它的元音弱化形为 veg。同义词根有来自拉丁语的 anim, viv/vit 和来自希腊语的 bio。"
385,FERV,来自拉丁语的 ferv 意为 to boil。同义词根有来自拉丁语的 bull。
386,DORM,来自拉丁语的 dorm 意为 to sleep。同义词根有来自拉丁语的 somn 和来自希腊语的 hypn。
387,MILIT,来自拉丁语的 milit 意为 to fight。同义词根有来自拉丁语的 pugn。
388,VAG,"来自拉丁语的 vag 意为 to wander。同义词根有来自拉丁语的 err, plan。"
389,DULG,来自拉丁语的 dulg 意为 to yield。
390,CHAL,"来自拉丁语的 chal 意为 warm, ardent。"
391,OP,"来自拉丁语的 op 意为 to work, riches。同义词根有来自拉丁语的 labor。注意与意为 eye 的希腊语 op, opt 相区别。"
392,SOMN,来自拉丁语的 somn 意为 to sleep。同义词根有来自拉丁语的 dorm 和来自希腊语的 hypn。
393,CORP,来自拉丁语的 corp 意为 body。同义词根有来自希腊语的 som/somat 和来自盎格鲁-撒克逊语的 body。
394,MUN,"来自拉丁语的 mun 意为 duty, function, gift, service。"
395,COMIT,来自拉丁语的 comit 意为 to accompany。同义词根有来自拉丁语的 soci。
396,MORD[MORS],"来自拉丁语的 mord, mors 意为 to bite。注意与意为 death 的 mort, mors, mor 相区别。"
397,CLAR[CLAIR],"来自拉丁语的 clar 意为 clear, clair 是它的变形。"
398,MERC,来自拉丁语的 merc 意为 to trade。
399,"BAT[BET, BIT]","来自希腊语的 bat 意为 to go, bet, bit 是它的变形。同义词根有来自拉丁语的 ced, cess[ceed, ceas], grad/gred/gress, it, vad/vas 等，此外,还有来自盎格鲁-撒克逊语的 fare。另外,在前面还学过意为 to strike, to beat 的 bat, 注意不要混淆。"
400,"AUG, AUCT[AUX]","来自拉丁语的 aug, auct 意为 to increase, aux 是它们的变形。"
401,"MAND, MEND","来自拉丁语的 mand, mend 意为 to order, to entrust。同义词根有来自拉丁语的 ordin, 意为 to order。注意与意为 fault 的 mend 相区别。"
402,MIM,来自拉丁语的 mim 意为 to imitate。
403,"GRAPH, GRAM","来自希腊语的 graph, gram 意为 to write。同义词根有来自拉丁语的 scrib/script。"
404,"CAUST, CAUT","来自希腊语的 caust, caut 意为 to burn。同义词根有来自拉丁语的 flagr/flam, arid, torr 和来自希腊语的 ether, 此外还有来自盎格鲁-撒克逊语的 burn/bran。"
405,"CRAT, CRACY","来自希腊语的 crat, cracy 意为 to govern, to rule, government。同义词根有来自拉丁语的 reg 和来自希腊语的 arch。"
406,"THET, THES[THEC, THEM]","来自希腊语的 thet, thes 意为 to place, to put, thec, them 是其变形。同义词根有来自拉丁语的 sert, loc, pos/post/pon/pound, stal 等和来自希腊语的 top。"
407,AX,来自拉丁语的 ax 意为 axis。
408,"POLIT[POLIC, POLIS]","来自希腊语的 polit 意为 city, state, polic, polis 是它的变形。同义词根有来自拉丁语的 urb。"
409,EGYR,来自希腊语的 egyr 意为 to bring together。
410,"ECO[ECU, OCE]","来自拉丁语的 eco 意为 house, ecu, oce 是它的变形。同义词根有来自拉丁语的 cas。"
411,LITH,来自希腊语的 lith 意为 stone。同义词根有来自拉丁语的 lapid 和来自希腊语的 petr。
412,NARC,"来自希腊语的 narc 意为 numbness, stupor。"
413,"PRAG, PRACT","来自希腊语的 prag, pract 意为 to do, business。"
414,PTO,来自希腊语的 pto 意为 to fall。同义词根有来自拉丁语的 cid/cad/cas 和 laps。
415,NOT,"来自拉丁语的 not 意为 to know。同义词根有来自拉丁语的 gno, sci。"
416,VOR,来自拉丁语的 vor 意为 to eat。同义词根有来自拉丁语的 ed/es 和来自希腊语的 phag。
417,DEXTR,"来自拉丁语的 dextr 意为 right hand。sinistr 是它的反义词根,意为 left hand。"
418,CAVAL[CHIVAL],"来自拉丁语的 caval 意为 horse, 变形为 chival。同义词根有来自拉丁语的 equ 和来自希腊语的 hipp。"
419,MAGN,"来自拉丁语的 magn 意为 great。同义词根有来自拉丁语的 grand, maj, max 和来自希腊语的 coloss, maha, mega/megalo, metro 等。"
420,GRAT[GRAC],"来自拉丁语的 grat 意为 thankful, pleasing, grac 是它的变形。"
421,MERIT,"来自拉丁语的 merit 意为 to deserve, to earn。"
422,PHON,来自希腊语的 phon 意为 sound。同义词根有来自拉丁语的 son 和来自希腊语的 ech。
423,LUMIN[LUN],"来自拉丁语的 lumin 意为 light, lun 是它的变形。同义词根有来自拉丁语的 luc/lux/lust 和来自希腊语的 photo 以及来自盎格鲁-撒克逊语的 light。"
424,"PHAN[PHEN, FAN]","来自希腊语的 phan 意为 to show, to appear, 其元音弱化后变成 phen。fan 也是其变形。同义词根有来自拉丁语的 monstr。"
425,"MELL, MEL[MIL, MOL, MAR]","来自拉丁语的 mell, mel 意为 honey, mil, mol, mar 是它们的变形。注意与意为 to grind, grain, burden, heap 的 mol 和意为 soft 的 moll 相区别。"
426,POPUL[PUBL],"来自拉丁语的 popul 意为 people, publ 是它的变形。同义词根有来自拉丁语的 pleb, vulg[mulg] 和来自希腊语的 demo 以及来自盎格鲁-撒克逊语的 la。此外还请记住意为 man (人类、人)的 anthrop/hom/man, 意为 man (男子)的 andr/mascul/vir, 以及意为 woman (女子)的 femin/gyn/virg。"
427,MIGR,来自拉丁语的 migr 意为 to move。同义词根有来自拉丁语的 mot/mob/mov 和来自希腊语的 kine/cinema。
428,VARIC,来自拉丁语的 varic 意为 to straddle。
429,ULTIM,"来自拉丁语的 ultim 意为 end。同义词根有来自拉丁语的 fin, termin 和来自希腊语的 bys。"
430,ORN,来自拉丁语的 orn 意为 to decorate。
431,SCAL,"来自拉丁语的 scal 意为 ladder。另外,请注意来自拉丁语的 scend/scens/scent/scan 与此词根含义相似,意为 to climb。"
432,ONER,来自拉丁语的 oner 意为 burden。
433,INSUL[ISOL],"来自拉丁语的 insul 意为 island, isol 是它的变形。同义词根有来自盎格鲁-撒克逊语的 nes。"
434,STIP,来自拉丁语的 stip 意为 to press together。
435,"CAST[CEST, CHAST]","来自拉丁语的 cast 意为 pure, cest, chast 是它的变形。同义词根有来自希腊语的 cath。"
436,PAT,"来自拉丁语的 pat 意为 to walk。同义词根有来自拉丁语的 ambul[ambl]。注意与意为 to feel, to suffer 的希腊语 path 和拉丁语 pat, pass 相区别。"
437,CRASTIN,来自拉丁语的 crastin 意为 tomorrow。
438,FLIG,"来自拉丁语的 flig 意为 to drive。同义词根有来自拉丁语的 ig/ag/act, pel/puls[peal]。另外,来自拉丁语的意为 to lead 的 duc/duct[du], men[mean] 和来自希腊语的 agog 也有相似的含义。"
439,ART,"来自拉丁语的 art 意为 skill, art。"
440,ACERB,"来自拉丁语的 acerb 意为 bitter, harsh。"
441,BIL,"来自拉丁语的 bil 意为 strong。同义词根有来自拉丁语的 firm, forc/fort, rob, val[vail] 等。"
442,FUSC,来自拉丁语的 fusc 意为 dark。同义词根有来自盎格鲁-撒克逊语的 maur[moor]。
443,RAT,来自拉丁语的 rat 意为 to reckon。
444,JUST,来自拉丁语的 just 意为 right。同义词根有来自希腊语的 orth(o)。
